DROP DATABASE IF EXISTS pizzeria;

CREATE DATABASE pizzeria 
DEFAULT CHARACTER SET utf8
COLLATE utf8_hungarian_ci;
 use pizzeria;create table cimek(id int(11)  ,nev varchar(100)  ,utca varchar(100)  ,hsz varchar(100)  ) ENGINE=InnoDB DEFAULT CHARSET=utf8mb4 COLLATE=utf8mb4_hungarian_ci;
 
ALTER TABLE cimek ADD PRIMARY KEY(id);
 INSERT INTO cimek VALUES
( 1,"Skvar Tamás","Rezeda utca","56/b"),
( 2,"Tatár István","Beszédes József sétány","3"),
( 3,"Siket Karen","Arany János utca","50"),
( 4,"Horváth Mercédesz","Sztráda utca","12/2"),
( 5,"Dombovári Petra","Madách Imre utca","14"),
( 6,"Rém Elek","Kézműves utca","47"),
( 7,"Kamarás Zsófia Viktória","Bakony utca","43"),
( 8,"Sebő Tas","Hermann Ottó utca","28"),
( 9,"Szendrődi Csaba","Vilma utca","70"),
( 10,"Berger Péter","Fenyves tér","14"),
( 11,"Csonka Anna","Vak Bottyán utca","66/a"),
( 12,"Szelei Anikó Dorina","Máté utca","85"),
( 13,"Kovács Ágnes","Diófás út","41"),
( 14,"Szőke Mátyás","Béri Balogh Ádám utca","78/c"),
( 15,"Kiss Zsófia","Somfa utca","72"),
( 16,"Bakos Kata Judit","Kinga utca","28"),
( 17,"Bodnár Anna Katalin","Jegenye sor","16"),
( 18,"Keszthelyi Zsolt","Templom utca","60"),
( 19,"Kiss Lajos","Huba utca","42"),
( 20,"Szabó Orsolya Virág","Majoros utca","63"),
( 21,"Vég Kálmán","Aradi utca","6"),
( 22,"Hirzer Zsolt","Örsi utca","38"),
( 23,"Kincses Zoltán","Birs utca","59"),
( 24,"Zentay Réka","Széchenyi utca","68"),
( 25,"Kovai Róbert","Herman Ottó utca","55"),
( 26,"Koch Róbert","Pusztatorony tér","25"),
( 27,"Szilágyi István","Kiss János altábornagy utca","10"),
( 28,"Horváth Pál","Juhász Gyula utca","4"),
( 29,"Duma Árpád","Vak Bottyán utca","66/a"),
( 30,"Nemes Gerda","Szegfű utca","72"),
( 31,"Zsolnai Péter","Béke utca","70"),
( 32,"Illés Nóra","Rizling utca","15"),
( 33,"Fődi Anna","Partfölei utca","84"),
( 34,"Szűcs Lóránt","Akácfa utca","77"),
( 35,"Borsos Anett","Tavasz utca","27"),
( 36,"Sarlós Róbert","Diós tér","29"),
( 37,"Hoffmann Bettina","Koch Róbert utca","22"),
( 38,"Farkas Ildikó","Madarász Viktor utca","8"),
( 39,"Gál Brigitta","Tulipán utca","79"),
( 40,"Szabó Izabella Diána","Marosi út","35"),
( 41,"Rácz Lili","Klapka György utca","82"),
( 42,"Botos Noémi","Töreki uca","47"),
( 43,"Kasznár Judit","Móra Ferenc utca","45"),
( 44,"Lengyel Zsófia","Clark Ádám utca","15"),
( 45,"Kerekes Lili","Eperfa utca","31"),
( 46,"Kis Barbara Emma","Árpád utca","22"),
( 47,"Vida Csongor","Márton köz","28"),
( 48,"Nagy Eszter","Erkel Ferenc utca","52"),
( 49,"Benkő Kata Enikő","Taksony utca","6"),
( 50,"Urbán Roland","Sáros utca","44"),
( 51,"Samu Blanka","Orgona utca","52"),
( 52,"Pálinkás Anna","Napfény utca","9"),
( 53,"Falch Emil","Építő utca","24"),
( 54,"Teleki Kálmán","Árpád utca","17"),
( 55,"Sima Dezső","Kunfi Zsigmond utca","32"),
( 56,"Rudas Ádám","Mandulás utca","29"),
( 57,"Forrai Laura","Kilit-Ságvár bringa út","28"),
( 58,"Irinyi Katalin Ida","Ortutay Gyula utca","55"),
( 59,"Hódi Vivien","Vitorlás utca","5"),
( 60,"Máté Oszkár","Panoráma utca","72"),
( 61,"Püski Kata","Lázár Vilmos utca","74"),
( 62,"Mészáros Anita Réka","Orsolya utca","28"),
( 63,"Kis Nóra Judit","Halápy János utca","3"),
( 64,"Nyári Judit","Somfa utca","14"),
( 65,"Balog Orsolya","Csordahegy köz","33/a"),
( 66,"Zombori Adrienn","Turi István utca","29"),
( 67,"Tóti Albert","Vasúti utca","83"),
( 68,"Szabó Lilla","Vadalma utca","12/b"),
( 69,"Petres Zoltán","Őrház utca","66"),
( 70,"Barta Petra","Váci Mihály utca","48"),
( 71,"Rovó Petra","Sáros utca","47"),
( 72,"Bor János","Cseresznye utca","44"),
( 73,"Fogó Róbert","Clark Ádám utca","59"),
( 74,"Juhász Imre","Vas Gereben utca","71"),
( 75,"Nagy Tímea","Jegenye sor","37"),
( 76,"Tanács Lilla","Szépvölgyi köz","18"),
( 77,"Kiss Sándor","Bél Mátyás utca","30"),
( 78,"Kovács Vivien","Szeptember 6. tér","37"),
( 79,"Kun Anna","Zsilip sor","3"),
( 80,"Pályi Balázs","Koppány utca","26"),
( 81,"Kristóf Petra","Bláthy Ottó utca","80"),
( 82,"Gábor Zita","Rákóczi utca","21"),
( 83,"Lakatos Zita Ildikó","Zúgó utca","59"),
( 84,"Garadnai Zoltán","Jázmin utca","22"),
( 85,"Bognár Ágnes","Napsugár utca","41"),
( 86,"Dobi Brigitta Krisztina","Diófa utca","7"),
( 87,"Dócz Károly","Fehérvári utca","22"),
( 88,"Halász Norbert","Tímea utca","35"),
( 89,"Szántó Lilla","Rippl Rónai utca","43"),
( 90,"Dóka Csenge","Dózsa György utca","56"),
( 91,"Juhász Cintia","Hétvezér utca","8"),
( 92,"Borisz Norbert","Jázmin köz","30"),
( 93,"Wollek Ottó","Rákóczi utca","7"),
( 94,"Kárpáti Annamária","Vak Bottyán utca","66/a"),
( 95,"Sebok Franciska","Fenyves tér","47"),
( 96,"Jónás Nikolett","Strand utca","25"),
( 97,"Kiss-Szabó Péter","Kinga utca","10"),
( 98,"Kármán Luca","Sáros utca","24"),
( 99,"Csontos Imre","József Attila utca","23"),
( 100,"Kovács Lili","Zsolt utca","85"),
( 101,"Bodosi Béla","Ortutay Gyula utca","29"),
( 102,"Nagy Eszter","Cseresznye utca","86"),
( 103,"Bálint Laura","Mészöly Géza utca","30"),
( 104,"Bodrogi Gergely","Réka utca","11"),
( 105,"Bata Ágnes","Diófa utca","68"),
( 106,"Veres Annamária","Tünde utca","53"),
( 107,"Sipos Lilla","Pálóczy Horváth Ádám utca","84"),
( 108,"Oláh Sztella","Szigliget utca","29"),
( 109,"Gyömbér Ágnes","Móra Ferenc utca","32"),
( 110,"Juhász Viktória","Zsilip sor","56"),
( 111,"Fodor Nikolett","Székely Bertalan utca","19"),
( 112,"Kiss Orsolya","Nyáron gazos","14"),
( 113,"Ördög Fanni Zsófia","Alsó utca","7"),
( 114,"Kosztolányi András","Csíky Gergely utca","12"),
( 115,"Sebők Flóra","Bihari utca","78"),
( 116,"Kószó Petra","Orsolya utca","5"),
( 117,"Guttmann Gábor","Madách Imre utca","53"),
( 118,"Mészáros Stella","Rezeda utca","68"),
( 119,"Hegedűs Réka","Köztársaság utca","2"),
( 120,"Kurucz Rebeka Judit","Kőrösi Csoma Sándor utca","17"),
( 121,"Béla Kitti","Mandulás utca","21"),
( 122,"Kovács Győző","Székely Bertalan utca","40"),
( 123,"Molnár Gergely","Csíky Gergely utca","33"),
( 124,"Szabó Viktória","Glatz Henrik utca","39"),
( 125,"Sós Imre","Sándor utca","49"),
( 126,"Kiss Rea","Diós tér","13"),
( 127,"Bíró Alexandra Éva","Szilágyi Erzsébet fasor","33"),
( 128,"Terjéki Zsuzsanna Emese","Szőlőhegy út","81"),
( 129,"Kipall Ede","Virág utca","74"),
( 130,"Lovai László","Csopak utca","34"),
( 131,"Kuti Zoltán","Ybl Miklós utca","7/c"),
( 132,"Moli Hugó","Öreghegyi utca","35"),
( 133,"Zombori Lili","Hétvezér utca","8"),
( 134,"Tomma Árpád","Herman Ottó utca","10"),
( 135,"Nagy Tímea","Klapka György utca","38"),
( 136,"Hegyközi Tünde Dóra","Álmos utca","35"),
( 137,"Kockás Tamás","Jázmin utca","54"),
( 138,"Borbás Ferenc","Zöldmező utca","18"),
( 139,"Holzi Ervin","Sáros utca","12"),
( 140,"Varga Éva","Ybl Miklós utca","26"),
( 141,"Tóth Zita","Hűvösvölgyi utca","62"),
( 142,"Sipos Réka","Kökény utca","21"),
( 143,"Csonka Zita","Keöd kapitány utca","70"),
( 144,"Takács Ágota","Tihany utca","71/d"),
( 145,"Marsi Nóra","Juhász Gyula utca","70"),
( 146,"Bányai Balázs","Egressy Gábor utca","70"),
( 147,"Varga Petra","Cserszegi köz","84"),
( 148,"Bencsik Áron","Sáros utca","12"),
( 149,"Farkas Lilla","Kandó Kálmán utca","9"),
( 150,"Hajdú Kitti Ildikó","Hajnóczy József utca","64"),
( 151,"Herédi Gabriella","Szeptember 6. tér","8"),
( 152,"Bajnai Zsuzsanna","Liszt Ferenc utca","5"),
( 153,"Budai Tamás","Budai Nagy Antal utca","65"),
( 154,"Keresztes Zsolt","Álmos utca","29"),
( 155,"Kopasz Klaudia","Bornemissza utca","75"),
( 156,"Kiss Stella","Csorda út","49"),
( 157,"Horváth Rita","Borvirág utca","11"),
( 158,"Erdélyi Dóra","Péter-Pál utca","4"),
( 159,"Mészáros Emília","Puskin utca","26"),
( 160,"Pusztai Géza","Ybl Miklós utca","10"),
( 161,"Mach Mózes","Tóth Lajos utca","27"),
( 162,"Bertók Katalin","Jácint utca","76"),
( 163,"Balog Tibor","Goldmark Károly utca","40"),
( 164,"Nógrádi Alexandra","Mikszáth Kálmán utca","73"),
( 165,"Varga Stella Gréta","Pacsirta utca","42"),
( 166,"Herceg Natália","Álmos utca","5"),
( 167,"Zerk Endre","Zichy Miklós utca","19/a"),
( 168,"Benedek Anna","Ipar utca","78"),
( 169,"Ladányi Renáta","Vasút tér","73"),
( 170,"Makra Csenge Kata","Örsi utca","3"),
( 171,"Bárány Noémi","Malom utca","84"),
( 172,"Török Éva","Ákos utca","19"),
( 173,"Hódi Katalin","Boglárka utca","64"),
( 174,"Urbán Zsófia Katalin","Zamárdi utca","76"),
( 175,"Ádám Éva","Bartók Béla utca","65"),
( 176,"Németh Rebeka Anna","Kenesei utca","12"),
( 177,"Bodor Flóra","Zsilip sor","64"),
( 178,"Pintér Zoltán","Tímea utca","51"),
( 179,"Kaltenbrunner Norbert","Blaha Lujza utca","75"),
( 180,"Ébner Dezső","Viola utca","21"),
( 181,"Fábián Nóra","Máté utca","33"),
( 182,"Nagy Eta","Birs utca","13"),
( 183,"Tárkány Csilla","Csokonai Vitéz Mihály utca","58"),
( 184,"Varga Alexandra","Verebes dűlő","48"),
( 185,"Varga Emese","Lázár Vilmos utca","12"),
( 186,"Nagy Eszter","Csopaki utca","19"),
( 187,"Tan József","Pusztatorony tér","1"),
( 188,"Koródy Tamás","Fáy András utca","81"),
( 189,"Püspök Anna","Nefelejcs köz","55"),
( 190,"Nagy Anna Magdolna","Kereszt utca","72"),
( 191,"Szűcs Fanni Lívia","Kossuth Lajos utca","77"),
( 192,"Csanády Virág Sarolta","Lampért Géza utca","8"),
( 193,"Török Patrícia","Verebesi utca","68"),
( 194,"Molnár Dorottya","Emese utca","64"),
( 195,"Csizmadia Mónika","Jegenye sor","17"),
( 196,"Kereki Pál","Perczel Mór utca","76/2"),
( 197,"Seprényi Adrienn","Béke tér","71"),
( 198,"Török Réka Zsófia","Pusztatorony tér","61"),
( 199,"Erdélyi Réka","Rákóczi Ferenc utca","5"),
( 200,"Kozmann György","Hajnal utca","70/3"),
( 201,"Nyári Anna","Berzsenyi Dániel utca","74"),
( 202,"Takács Veronika","Horgony utca","69"),
( 203,"Vajna Sára Réka","Soós Lajos utca","4"),
( 204,"Földesi Kata","Kereszt utca","28"),
( 205,"Lehóczki Bernadett","Daday Kálmán utca","24"),
( 206,"Baranyi Noémi Lilla","Állomás tér","49"),
( 207,"Horányi Lilla Krisztina","Kölcsey Ferenc utca","51"),
( 208,"Nyakas Dénes","Árpád utca","3"),
( 209,"Ormos Zoltán","Napfény utca","6"),
( 210,"Somogyi Orsolya","Kerékpárút","75"),
( 211,"Lindh Karl","Ágnes utca","84"),
( 212,"Szilasi Eszter Dalma","Hajnóczy József utca","39"),
( 213,"Mind Ákos","Mandulás utca","63"),
( 214,"Lisztes Imre","Sándor utca","45"),
( 215,"Esztergályos Gábor","Bimbó utca","48"),
( 216,"Török Ildikó","Bocskai utca","24"),
( 217,"Kovács Anikó","Say Ferenc utca","44"),
( 218,"Kovács Imre","Napsugár utca","48"),
( 219,"Sár Gábor","Liszt Ferenc sétány","41"),
( 220,"Blum Ottó","Hajnóczy József utca","82"),
( 221,"Tóth Zoltán","Küszhegyi út","19"),
( 222,"Presszer Hugó","Tessedik Sámuel utca","28"),
( 223,"Bitó Helga","Szépvölgyi utca","16"),
( 224,"Bitó Réka Emese","Somlay Artúr utca","1"),
( 225,"Dábity Ottó","Szabadság utca","3"),
( 226,"Nik Ferenc","Köztársaság utca","8"),
( 227,"Berta Alexandra","Füredi utca","66/c"),
( 228,"Kincses Blanka","Hegyvölgyi út","62/a"),
( 229,"Lajos Lajos","Tompa Mihály utca","28"),
( 230,"Binszki Diána Erika","Vécsey Károly utca","83"),
( 231,"Kiss Blanka","Hunor utca","74"),
( 232,"Bog Aladár","Pipacs utca","50"),
( 233,"Béres Réka Sarolt","Csárdaréti utca","83"),
( 234,"Császár Mónika Krisztina","Szőlőhegyi utca","4"),
( 235,"Szűcs Miklós","Berda József utca","40"),
( 236,"Kószó Annamária","Ybl Miklós utca","9"),
( 237,"Séra Mihály","Szigliget utca","58"),
( 238,"Sági Anikó","Bocskai köz","9"),
( 239,"Gyulai Zsófia Julianna","Hunor utca","67"),
( 240,"Kisó Ábel","Csalogány utca","49"),
( 241,"Kovács Zoltán","Hajnóczy József utca","68"),
( 242,"Korsós Kálmán","Babits Mihály utca","45"),
( 243,"Bedő Anna","Kosztolányi Dezső utca","37"),
( 244,"Kelemen Enikő","Deák Ferenc tér","3"),
( 245,"Pálfi Evelin","Szamóca utca","38"),
( 246,"Csíbor Tamás","Tulipán utca","5"),
( 247,"Zólyomi Kristóf","Csicsali utca","66"),
( 248,"Vlad Igor","Csíky Gergely utca","19"),
( 249,"Papp Vanessza","Őszirózsa utca","9"),
( 250,"Nagy Réka","Noszlopy Gáspár utca","2"),
( 251,"Pintér Edit","Semmelweis utca","80"),
( 252,"Tihanyi Károly","Kisfaludy utca","24"),
( 253,"Fazekas Zsófia Mariann","Jegenye sor","63"),
( 254,"Éger Imre","Halápy János utca","30"),
( 255,"Jag Antal","Mártírok útja","3"),
( 256,"Barta Luca Lídia","Kende utca","10"),
( 257,"Miklósi István","Munkácsy Mihály utca","48"),
( 258,"Fodor Zita Orsolya","József Attila utca","27"),
( 259,"Dömötör Daniella","Füredi utca","8"),
( 260,"Bató Zita","Zsombor utca","83"),
( 261,"Ábel Ágnes","Csilla utca","52"),
( 262,"Rácz Gábor","Klapka György utca","17"),
( 263,"Hegedüs Laura","Csicsali utca","19"),
( 264,"Árva Veronika","Tünde utca","35"),
( 265,"Pataki Zsolt","Helikon utca","86"),
( 266,"Réti Flóra","Köztársaság utca","57/a"),
( 267,"Kovács Pál","Vikár utca","66"),
( 268,"Savanya Dorottya","Gergely Jenő utca","83"),
( 269,"Kónya Tímea","Vitorlás utca","56"),
( 270,"Molnár Gréta","Beszédes híd","53"),
( 271,"Beke Kata","Thököly utca","6"),
( 272,"Juhász Blanka Júlia","Csilla utca","69"),
( 273,"Lima Id","Mogyoró utca","87"),
( 274,"Szedlacsek Pál","Benczur Gyula utca","74"),
( 275,"Sümegi Fanni Erika","Tóth Lajos utca","76"),
( 276,"Tóth Dóra","Péter-Pál utca","81"),
( 277,"Herédi Boglárka","Dankó utca","52"),
( 278,"Szabó Lilla Sára","Petőfi sétány","30"),
( 279,"Kónya Bettina","Koosárd utca","2/a"),
( 280,"Opál Ernő","Napfény utca","36"),
( 281,"Monostori Péter","Vas Gereben utca","47"),
( 282,"Bild Zsolt","Kristály utca","42"),
( 283,"Palotai Márk","Alkotmány utca","75"),
( 284,"Engi Kis Nóra Kata","Darnay Kálmán tér","52"),
( 285,"Grúber Tamás","Dr. Révész Géza utca","7"),
( 286,"Karsai Péter","Zsombor utca","25/3"),
( 287,"Tóth István","Zúgó utca","76"),
( 288,"Olasz Sára Réka","Batthyány Lajos utca","36"),
( 289,"István Luca","Töreki uca","68"),
( 290,"Farkas Petra","Csilla utca","24"),
( 291,"Tari Dóra","Szigliget utca","7"),
( 292,"Borbás Szimonetta","Vámház utca","1"),
( 293,"Mester Tekla","Füredi utca","29"),
( 294,"Eisner Tamás","Kacsóh Pongrác utca","76"),
( 295,"Molnár Kinga","Evező utca","16"),
( 296,"Lipót Ottó","Vas Gereben utca","20"),
( 297,"Juhász Zsolt","Viola utca","50"),
( 298,"Lózung Rezső","Evező utca","50"),
( 299,"Lévai Emese Zsuzsanna","Rajcsányi Péter utca","70"),
( 300,"Kristóf Vivien","Kenedy Ferenc utca","61/8"),
( 301,"Csorba Edina","Darnay Kálmán tér","79"),
( 302,"Pölös Ágost","Marosi út","63"),
( 303,"Farkas Kata","Bihari utca","59"),
( 304,"Kovács Anita","Rét utca","65"),
( 305,"Réti Andrea","Mező utca","84"),
( 306,"Farkas Zsuzsanna","Verebes dűlő","5"),
( 307,"Mészáros Anasztázia","Vadrózsa utca","37"),
( 308,"Masa Zsófia","Körtefa utca","36"),
( 309,"Jeszmás Gábor","Bókay János utca","15/g"),
( 310,"Benkő Zsófia","Máté utca","11"),
( 311,"Hamar Gábor","Fő utca","65"),
( 312,"Kelemen Mercédesz","Boglárka utca","37"),
( 313,"Borka Dóra","Isztria sétány","74"),
( 314,"Pipás Gábor","Semmelweis utca","56"),
( 315,"Karasi Károly","Korányi Sándor utca","47"),
( 316,"Turán Levente","Batthyány Lajos utca","17"),
( 317,"Nagy Mónika","Batthyány tér","84"),
( 318,"Horváth Ferenc","Szabolcs utca","83"),
( 319,"Mészáros Dominika Ágnes","Kékfrankos utca","61"),
( 320,"Nagy Johanna Réka","Attila utca","70"),
( 321,"Takács Nikolett","Máté utca","60"),
( 322,"Juhász Márta","Szőlőhegyi utca","20"),
( 323,"Szabó Fruzsina","Barbara utca","56"),
( 324,"Tomka Lilla","Hermann Ottó utca","33"),
( 325,"Szabó Viola","Hétvezér utca","71"),
( 326,"Gyimesi Béla","Tölgyessy Artúr utca","13/a"),
( 327,"Kincses Annabella","Ortutay Gyula utca","16"),
( 328,"Szabó Géza","Jókai Mór utca","6"),
( 329,"Szabó Zita","Darnay Kálmán tér","14"),
( 330,"Seprenyi Csilla","Berda József utca","66"),
( 331,"Sári Zita Mária","Málna utca","60"),
( 332,"Nikk Gábor","Turi István utca","24"),
( 333,"Nagy Emese","Diófás út","70"),
( 334,"Bogdándi Réka","Jázmin köz","74"),
( 335,"Csuka Dóra","Baross híd","31"),
( 336,"Szolnoki István","Than Mór utca","82"),
( 337,"Vass István","Zalán utca","85"),
( 338,"Király Flóra","Bartók Béla utca","16"),
( 339,"Gors Zsigmond","Toldi Miklós utca","21"),
( 340,"Ludányi Zsuzsanna","Kosztolányi Dezső utca","52"),
( 341,"Illés Renáta","Borvirág utca","34"),
( 342,"Almási Krisztina","Barbara utca","47"),
( 343,"Lengyel Melitta Éva","Fenyves tér","76"),
( 344,"Sebestyén Mátyás","Papfődi utca","37"),
( 345,"Balog Ildikó","Almádi utca","6"),
( 346,"Patyi Vivien","Erkel Ferenc utca","27"),
( 347,"Papp Tímea","Bláthy Ottó utca","47"),
( 348,"Forgó Blanka","Devecseri Gábor utca","85"),
( 349,"Kiss Evelin","Vajda János utca","41"),
( 350,"Puskás Barbara","Zúgó utca","86"),
( 351,"Minek Pál","Jankó János utca","18"),
( 352,"Balogh Fruzsina Bernadett","Lidó utca","85"),
( 353,"Koch Péter","Rigó utca","70"),
( 354,"Fenyves Attila","Feszty Árpád utca","48"),
( 355,"Guzmin Szabolcs","Fekete István utca","19"),
( 356,"Kováts Klaudia","Bakony utca","18"),
( 357,"Nádudvari Borbála","Városház tér","78"),
( 358,"Mészáros Vera","Tompa Mihály utca","72"),
( 359,"Almási Tímea","Feszty Árpád utca","70"),
( 360,"Lajkó Aliz","Rákóczi utca","3"),
( 361,"Hajhtsa Dániel","Bajcsy-Zsilinszky utca","18"),
( 362,"Magyar Attila","Horgony utca","23"),
( 363,"Dávid Vanessa","Bókay János utca","57/c"),
( 364,"Widek Zsolt","Átrium utca","1"),
( 365,"Lázár Krisztina","Liszt Ferenc sétány","27"),
( 366,"Tóth Nóra","Állomás tér","28"),
( 367,"Seik Áron","Zsilip sor","18"),
( 368,"Orosz Pál","Turi István utca","74"),
( 369,"Borbély Rebeka","Szeder utca","4"),
( 370,"Varga Judit Enikő","Turi István utca","75"),
( 371,"Kertész Dorottya","Ribiszke utca","87"),
( 372,"Toldi Viktória Liza","Szilágyi Erzsébet fasor","67"),
( 373,"Csiszár Petra","Strand utca","87"),
( 374,"Tánczos Ernő","Vörösmarty utca","18"),
( 375,"Gyurik Anna","Léda utca","21"),
( 376,"Bóka Lili","Babits Mihály utca","31"),
( 377,"Démon Endre","Borostyán utca","7"),
( 378,"Szokai Tamás","Bél Mátyás utca","58"),
( 379,"Debreceni Péter","Pusztatorony tér","54"),
( 380,"Hódi Anett","Rákóczi utca","21"),
( 381,"Juhász Flóra","Arany János utca","75"),
( 382,"Lukács Ágnes","Bartók Béla utca","81"),
( 383,"Kispéter Zoltán","Csongor utca","19"),
( 384,"Révész Krisztina Erika","Rigó utca","7"),
( 385,"Jónás Viktória","Emese utca","68"),
( 386,"Veres Eszter","Csúszda utca","55"),
( 387,"Urbán Dóra","Gyufa utca","61"),
( 388,"Tóth András","Beszédes József sétány","22");
create table pizzak(id int(11)  ,nev varchar(100)  ,meret int(11)  ,ar int(11)  ) ENGINE=InnoDB DEFAULT CHARSET=utf8mb4 COLLATE=utf8mb4_hungarian_ci;
 
ALTER TABLE pizzak ADD PRIMARY KEY(id);
 INSERT INTO pizzak VALUES
( 1,"4 sajtos",22,1150),
( 2,"4 sajtos",30,1450),
( 3,"4 sajtos",45,2850),
( 4,"Baconös",22,1250),
( 5,"Baconös",30,1550),
( 6,"Baconös",45,2950),
( 7,"Big Boss",22,1150),
( 8,"Big Boss",30,1450),
( 9,"Big Boss",45,2850),
( 10,"Bitang",22,1250),
( 11,"Bitang",30,1550),
( 12,"Bitang",45,2950),
( 13,"Bolognai",22,1150),
( 14,"Bolognai",30,1450),
( 15,"Bolognai",45,2850),
( 16,"Chee-pollo",22,1250),
( 17,"Chee-pollo",30,1550),
( 18,"Chee-pollo",45,2950),
( 19,"El Bandi",22,1150),
( 20,"El Bandi",30,1450),
( 21,"El Bandi",45,2850),
( 22,"Elvis",22,1400),
( 23,"Elvis",30,1750),
( 24,"Elvis",45,3150),
( 25,"Fitness",22,1250),
( 26,"Fitness",30,1550),
( 27,"Fitness",45,2950),
( 28,"Fogadósné",22,1400),
( 29,"Fogadósné",30,1750),
( 30,"Fogadósné",45,3150),
( 31,"Füstös",22,1150),
( 32,"Füstös",30,1450),
( 33,"Füstös",45,2850),
( 34,"Gringo’s",22,1150),
( 35,"Gringo’s",30,1450),
( 36,"Gringo’s",45,2850),
( 37,"Gyros",22,1400),
( 38,"Gyros",30,1750),
( 39,"Gyros",45,3150),
( 40,"Hawaii",22,1150),
( 41,"Hawaii",30,1450),
( 42,"Hawaii",45,2850),
( 43,"Iron",22,1250),
( 44,"Iron",30,1550),
( 45,"Iron",45,2950),
( 46,"Jalapeno",22,1250),
( 47,"Jalapeno",30,1550),
( 48,"Jalapeno",45,2950),
( 49,"Jocee",22,1250),
( 50,"Jocee",30,1550),
( 51,"Jocee",45,2950),
( 52,"Kinder",22,1250),
( 53,"Kinder",30,1550),
( 54,"Kinder",45,2950),
( 55,"Laktózmentes",22,1400),
( 56,"Laktózmentes",30,1750),
( 57,"Laktózmentes",45,3150),
( 58,"Légionárius",22,1250),
( 59,"Légionárius",30,1550),
( 60,"Légionárius",45,2950),
( 61,"Magyaros",22,1150),
( 62,"Magyaros",30,1450),
( 63,"Magyaros",45,2850),
( 64,"Margherita",22,1050),
( 65,"Margherita",30,1300),
( 66,"Margherita",45,2590),
( 67,"Milano",22,1150),
( 68,"Milano",30,1450),
( 69,"Milano",45,2850),
( 70,"Nagy fehér",22,1150),
( 71,"Nagy fehér",30,1450),
( 72,"Nagy fehér",45,2850),
( 73,"Nebulo",22,1150),
( 74,"Nebulo",30,1450),
( 75,"Nebulo",45,2850),
( 76,"Ragadozó",22,1400),
( 77,"Ragadozó",30,1750),
( 78,"Ragadozó",45,2850),
( 79,"Roberto",22,1150),
( 80,"Roberto",30,1450),
( 81,"Roberto",45,2850),
( 82,"Sonkás-csirkés",22,1150),
( 83,"Sonkás-csirkés",30,1450),
( 84,"Sonkás-csirkés",45,2850),
( 85,"Sonkás-gombás",22,1050),
( 86,"Sonkás-gombás",30,1300),
( 87,"Sonkás-gombás",45,2590),
( 88,"Sonkás-sajtos",22,1050),
( 89,"Sonkás-sajtos",30,1300),
( 90,"Sonkás-sajtos",45,2590),
( 91,"Spártai",22,1250),
( 92,"Spártai",30,1550),
( 93,"Spártai",45,2950),
( 94,"Szalámis",22,1150),
( 95,"Szalámis",30,1450),
( 96,"Szalámis",45,2850),
( 97,"Texas",22,1400),
( 98,"Texas",30,1750),
( 99,"Texas",45,3150),
( 100,"Tikka",22,1400),
( 101,"Tikka",30,1750),
( 102,"Tikka",45,3150),
( 103,"Tonhalas",22,1400),
( 104,"Tonhalas",30,1750),
( 105,"Tonhalas",45,3150),
( 106,"Tündérkert",22,1400),
( 107,"Tündérkert",30,1750),
( 108,"Tündérkert",45,3150),
( 109,"Vegetáriánus",22,1050),
( 110,"Vegetáriánus",30,1300),
( 111,"Vegetáriánus",45,2590),
( 112,"Vezúv",22,1150),
( 113,"Vezúv",30,1450),
( 114,"Vezúv",45,2850),
( 115,"Wellness",22,1250),
( 116,"Wellness",30,1550),
( 117,"Wellness",45,2950),
( 119,"6 sajtos",22,5005);
create table rendelesek(id int(11)  ,pizzaid int(11)  ,darab int(11)  ,cimid int(11)  ,szallitas time  ) ENGINE=InnoDB DEFAULT CHARSET=utf8mb4 COLLATE=utf8mb4_hungarian_ci;
 ALTER TABLE rendelesek ADD INDEX(pizzaid);ALTER TABLE rendelesek ADD INDEX(cimid);
ALTER TABLE rendelesek ADD PRIMARY KEY(id);
 INSERT INTO rendelesek VALUES
( 1,24,1,139,"10:05:00"),
( 2,95,1,244,"10:10:00"),
( 3,99,1,97,"10:10:00"),
( 4,99,1,148,"10:15:00"),
( 5,83,1,71,"10:15:00"),
( 6,19,1,386,"10:20:00"),
( 7,112,3,121,"10:20:00"),
( 8,81,2,21,"10:20:00"),
( 9,39,2,15,"10:25:00"),
( 10,65,1,316,"10:25:00"),
( 11,71,3,127,"10:30:00"),
( 12,114,1,122,"10:30:00"),
( 13,43,1,297,"10:30:00"),
( 14,22,2,366,"10:35:00"),
( 15,15,1,49,"10:35:00"),
( 16,64,1,49,"10:40:00"),
( 17,53,1,240,"10:45:00"),
( 18,79,2,206,"10:45:00"),
( 19,35,2,3,"10:45:00"),
( 20,104,3,278,"10:45:00"),
( 21,72,2,302,"10:45:00"),
( 22,114,1,365,"10:50:00"),
( 23,94,2,194,"10:55:00"),
( 24,87,1,68,"10:55:00"),
( 25,21,1,79,"10:55:00"),
( 26,83,3,289,"11:00:00"),
( 27,81,1,20,"11:05:00"),
( 28,2,2,6,"11:05:00"),
( 29,80,1,6,"11:05:00"),
( 30,89,1,231,"11:10:00"),
( 31,41,1,144,"11:10:00"),
( 32,73,3,301,"11:10:00"),
( 33,52,3,212,"11:25:00"),
( 34,60,2,212,"11:25:00"),
( 35,109,2,212,"11:25:00"),
( 36,10,1,204,"11:25:00"),
( 37,94,1,322,"11:25:00"),
( 38,1,1,65,"11:25:00"),
( 39,2,3,332,"11:30:00"),
( 40,4,3,44,"11:30:00"),
( 41,7,1,347,"11:30:00"),
( 42,82,1,78,"11:30:00"),
( 43,110,1,308,"11:35:00"),
( 44,71,1,264,"11:40:00"),
( 45,82,1,269,"11:45:00"),
( 46,99,1,197,"11:45:00"),
( 47,73,1,116,"11:45:00"),
( 48,29,2,160,"11:50:00"),
( 49,78,3,184,"11:55:00"),
( 50,98,2,88,"11:55:00"),
( 51,88,4,290,"12:00:00"),
( 52,89,1,217,"12:05:00"),
( 53,48,3,368,"12:05:00"),
( 54,7,1,128,"12:10:00"),
( 55,87,1,46,"12:15:00"),
( 56,74,1,131,"12:15:00"),
( 57,109,2,173,"12:20:00"),
( 58,77,1,52,"12:20:00"),
( 59,48,1,27,"12:20:00"),
( 60,73,1,381,"12:20:00"),
( 61,29,1,108,"12:25:00"),
( 62,117,1,5,"12:30:00"),
( 63,88,1,234,"12:35:00"),
( 64,1,2,219,"12:35:00"),
( 65,74,1,133,"12:40:00"),
( 66,79,1,31,"12:40:00"),
( 67,89,2,223,"12:40:00"),
( 68,51,1,348,"12:40:00"),
( 69,49,4,350,"12:40:00"),
( 70,63,2,213,"12:40:00"),
( 71,50,1,229,"12:45:00"),
( 72,67,1,168,"12:45:00"),
( 73,32,1,341,"12:45:00"),
( 74,90,1,3,"12:45:00"),
( 75,41,1,69,"12:50:00"),
( 76,18,2,18,"12:55:00"),
( 77,116,2,369,"12:55:00"),
( 78,15,1,351,"13:00:00"),
( 79,116,1,312,"13:05:00"),
( 80,65,1,318,"13:05:00"),
( 81,43,2,171,"13:10:00"),
( 82,66,1,171,"13:10:00"),
( 83,69,1,251,"13:10:00"),
( 84,110,1,137,"13:10:00"),
( 85,83,1,48,"13:10:00"),
( 86,39,2,373,"13:10:00"),
( 87,22,1,177,"13:15:00"),
( 88,36,1,245,"13:15:00"),
( 89,73,1,32,"13:20:00"),
( 90,92,1,84,"13:25:00"),
( 91,110,1,53,"13:25:00"),
( 92,8,1,291,"13:30:00"),
( 93,80,3,330,"13:30:00"),
( 94,81,2,306,"13:30:00"),
( 95,35,1,30,"13:35:00"),
( 96,89,2,28,"13:35:00"),
( 97,111,1,113,"13:35:00"),
( 98,34,3,42,"13:35:00"),
( 99,105,3,170,"13:35:00"),
( 100,38,1,147,"13:35:00"),
( 101,103,1,94,"13:35:00"),
( 102,70,1,346,"13:35:00"),
( 103,39,2,5,"13:35:00"),
( 104,52,1,59,"13:35:00"),
( 105,98,2,274,"13:40:00"),
( 106,2,1,247,"13:45:00"),
( 107,8,1,273,"13:45:00"),
( 108,17,1,95,"13:45:00"),
( 109,12,2,179,"13:50:00"),
( 110,19,1,93,"13:55:00"),
( 111,12,2,193,"13:55:00"),
( 112,83,1,112,"14:00:00"),
( 113,87,2,309,"14:00:00"),
( 114,15,1,214,"14:00:00"),
( 115,103,1,339,"14:00:00"),
( 116,73,1,186,"14:05:00"),
( 117,83,2,99,"14:05:00"),
( 118,88,1,282,"14:05:00"),
( 119,7,3,320,"14:10:00"),
( 120,70,1,26,"14:10:00"),
( 121,81,2,238,"14:15:00"),
( 122,99,1,260,"14:20:00"),
( 123,96,4,260,"14:20:00"),
( 124,18,3,288,"14:20:00"),
( 125,1,2,61,"14:20:00"),
( 126,35,1,156,"14:20:00"),
( 127,3,1,169,"14:20:00"),
( 128,94,2,371,"14:20:00"),
( 129,37,1,376,"14:25:00"),
( 130,117,1,58,"14:30:00"),
( 131,83,2,181,"14:30:00"),
( 132,70,2,23,"14:35:00"),
( 133,24,1,39,"14:35:00"),
( 134,1,1,265,"14:35:00"),
( 135,33,3,293,"14:40:00"),
( 136,4,2,34,"14:45:00"),
( 137,105,3,135,"14:45:00"),
( 138,93,1,276,"14:45:00"),
( 139,56,3,153,"14:45:00"),
( 140,72,1,90,"14:50:00"),
( 141,100,1,243,"14:50:00"),
( 142,33,1,81,"14:50:00"),
( 143,95,1,9,"14:50:00"),
( 144,32,2,60,"14:50:00"),
( 145,56,1,221,"14:55:00"),
( 146,82,1,343,"15:00:00"),
( 147,98,3,124,"15:05:00"),
( 148,95,1,284,"15:05:00"),
( 149,55,3,2,"15:05:00"),
( 150,97,3,138,"15:10:00"),
( 151,51,1,192,"15:10:00"),
( 152,24,1,29,"15:10:00"),
( 153,30,3,287,"15:10:00"),
( 154,15,1,155,"15:10:00"),
( 155,77,1,140,"15:10:00"),
( 156,73,1,355,"15:15:00"),
( 157,52,1,56,"15:15:00"),
( 158,103,1,267,"15:15:00"),
( 159,16,2,125,"15:15:00"),
( 160,83,1,352,"15:20:00"),
( 161,23,3,43,"15:20:00"),
( 162,90,1,328,"15:20:00"),
( 163,10,1,176,"15:20:00"),
( 164,112,3,109,"15:25:00"),
( 165,116,1,277,"15:25:00"),
( 166,30,1,142,"15:25:00"),
( 167,48,1,334,"15:25:00"),
( 168,2,1,87,"15:30:00"),
( 169,51,2,164,"15:35:00"),
( 170,37,1,259,"15:40:00"),
( 171,114,1,333,"15:40:00"),
( 172,61,1,80,"15:40:00"),
( 173,55,1,279,"15:45:00"),
( 174,53,1,382,"15:50:00"),
( 175,11,1,270,"15:55:00"),
( 176,53,1,202,"15:55:00"),
( 177,110,1,363,"16:00:00"),
( 178,37,3,286,"16:00:00"),
( 179,20,1,106,"16:05:00"),
( 180,2,1,319,"16:05:00"),
( 181,99,2,174,"16:10:00"),
( 182,52,3,161,"16:10:00"),
( 183,6,1,183,"16:15:00"),
( 184,76,1,324,"16:15:00"),
( 185,79,1,385,"16:15:00"),
( 186,66,1,218,"16:15:00"),
( 187,93,1,162,"16:20:00"),
( 188,30,1,145,"16:25:00"),
( 189,55,2,321,"16:30:00"),
( 190,5,2,321,"16:30:00"),
( 191,103,1,119,"16:35:00"),
( 192,100,3,40,"16:40:00"),
( 193,74,3,305,"16:40:00"),
( 194,85,1,266,"16:40:00"),
( 195,26,1,388,"16:40:00"),
( 196,37,1,236,"16:40:00"),
( 197,65,2,296,"16:45:00"),
( 198,52,1,123,"16:50:00"),
( 199,114,2,201,"16:55:00"),
( 200,63,2,103,"16:55:00"),
( 201,28,1,37,"17:00:00"),
( 202,32,1,22,"17:05:00"),
( 203,85,1,14,"17:05:00"),
( 204,6,2,185,"17:10:00"),
( 205,50,1,159,"17:10:00"),
( 206,96,1,237,"17:10:00"),
( 207,116,1,120,"17:10:00"),
( 208,88,1,158,"17:10:00"),
( 209,69,1,187,"17:10:00"),
( 210,4,2,207,"17:10:00"),
( 211,4,2,115,"17:10:00"),
( 212,4,1,38,"17:10:00"),
( 213,52,1,362,"17:10:00"),
( 214,76,3,230,"17:10:00"),
( 215,76,1,134,"17:15:00"),
( 216,60,1,152,"17:15:00"),
( 217,25,1,195,"17:15:00"),
( 218,20,1,225,"17:15:00"),
( 219,85,2,283,"17:15:00"),
( 220,51,1,16,"17:20:00"),
( 221,43,1,189,"17:20:00"),
( 222,64,1,25,"17:25:00"),
( 223,110,1,285,"17:30:00"),
( 224,87,1,191,"17:30:00"),
( 225,82,3,379,"17:35:00"),
( 226,52,1,248,"17:40:00"),
( 227,26,1,126,"17:40:00"),
( 228,68,2,48,"17:40:00"),
( 229,18,1,102,"17:40:00"),
( 230,109,1,186,"17:40:00"),
( 231,67,1,112,"17:40:00"),
( 232,103,3,19,"17:40:00"),
( 233,42,1,360,"17:40:00"),
( 234,40,1,72,"17:40:00"),
( 235,87,1,298,"17:40:00"),
( 236,115,1,104,"17:40:00"),
( 237,61,1,190,"17:45:00"),
( 238,88,1,107,"17:45:00"),
( 239,2,2,377,"17:45:00"),
( 240,70,1,146,"17:45:00"),
( 241,105,1,319,"17:45:00"),
( 242,65,1,359,"17:45:00"),
( 243,18,1,6,"17:45:00"),
( 244,85,1,210,"17:50:00"),
( 245,85,3,150,"17:55:00"),
( 246,37,3,167,"17:55:00"),
( 247,31,1,314,"17:55:00"),
( 248,73,1,255,"17:55:00"),
( 249,18,1,380,"17:55:00"),
( 250,56,1,252,"17:55:00"),
( 251,25,1,54,"17:55:00"),
( 252,13,1,75,"17:55:00"),
( 253,104,1,317,"18:00:00"),
( 254,110,1,111,"18:00:00"),
( 255,45,1,70,"18:05:00"),
( 256,45,1,102,"18:10:00"),
( 257,101,1,321,"18:10:00"),
( 258,62,1,50,"18:10:00"),
( 259,40,1,117,"18:15:00"),
( 260,64,1,96,"18:20:00"),
( 261,95,2,387,"18:20:00"),
( 262,41,1,367,"18:20:00"),
( 263,29,1,114,"18:25:00"),
( 264,105,2,302,"18:30:00"),
( 265,62,1,172,"18:35:00"),
( 266,58,2,66,"18:35:00"),
( 267,111,1,315,"18:35:00"),
( 268,112,1,325,"18:35:00"),
( 269,7,1,44,"18:35:00"),
( 270,93,3,105,"18:35:00"),
( 271,60,1,257,"18:40:00"),
( 272,105,1,228,"18:40:00"),
( 273,8,1,86,"18:40:00"),
( 274,62,1,136,"18:40:00"),
( 275,26,1,198,"18:40:00"),
( 276,53,3,24,"18:40:00"),
( 277,34,1,92,"18:40:00"),
( 278,65,1,100,"18:40:00"),
( 279,67,1,378,"18:45:00"),
( 280,104,1,292,"18:45:00"),
( 281,28,1,12,"18:50:00"),
( 282,42,2,232,"18:50:00"),
( 283,101,1,361,"18:55:00"),
( 284,21,1,263,"18:55:00"),
( 285,74,1,344,"18:55:00"),
( 286,28,1,336,"19:00:00"),
( 287,104,2,340,"19:00:00"),
( 288,19,1,76,"19:00:00"),
( 289,5,3,149,"19:05:00"),
( 290,42,1,175,"19:05:00"),
( 291,74,1,239,"19:05:00"),
( 292,64,1,118,"19:10:00"),
( 293,15,1,323,"19:10:00"),
( 294,12,3,337,"19:10:00"),
( 295,43,1,358,"19:10:00"),
( 296,101,3,165,"19:15:00"),
( 297,116,1,91,"19:15:00"),
( 298,82,1,375,"19:20:00"),
( 299,61,1,256,"19:20:00"),
( 300,39,3,64,"19:20:00"),
( 301,102,1,6,"19:25:00"),
( 302,19,1,47,"19:25:00"),
( 303,25,1,280,"19:25:00"),
( 304,101,1,82,"19:25:00"),
( 305,58,1,235,"19:30:00"),
( 306,38,3,222,"19:35:00"),
( 307,101,2,301,"19:35:00"),
( 308,14,1,157,"19:35:00"),
( 309,28,2,215,"19:35:00"),
( 310,4,1,89,"19:35:00"),
( 311,82,1,246,"19:35:00"),
( 312,110,1,258,"19:35:00"),
( 313,77,1,311,"19:35:00"),
( 314,68,1,180,"19:35:00"),
( 315,115,1,372,"19:35:00"),
( 316,59,1,310,"19:35:00"),
( 317,61,1,384,"19:35:00"),
( 318,101,1,216,"19:35:00"),
( 319,40,1,8,"19:35:00"),
( 320,77,3,98,"19:35:00"),
( 321,37,1,188,"19:35:00"),
( 322,20,1,322,"19:35:00"),
( 323,46,1,254,"19:35:00"),
( 324,64,1,307,"19:40:00"),
( 325,36,1,57,"19:40:00"),
( 326,101,1,345,"19:40:00"),
( 327,61,1,51,"19:40:00"),
( 328,34,1,323,"19:40:00"),
( 329,95,3,253,"19:45:00"),
( 330,89,1,335,"19:45:00"),
( 331,87,2,141,"19:45:00"),
( 332,12,2,268,"19:50:00"),
( 333,21,1,271,"19:55:00"),
( 334,42,1,83,"19:55:00"),
( 335,37,2,130,"20:00:00"),
( 336,83,2,17,"20:05:00"),
( 337,65,1,33,"20:05:00"),
( 338,55,1,151,"20:10:00"),
( 339,87,2,303,"20:10:00"),
( 340,67,1,318,"20:10:00"),
( 341,64,2,41,"20:10:00"),
( 342,109,1,300,"20:15:00"),
( 343,80,2,383,"20:15:00"),
( 344,16,2,199,"20:20:00"),
( 345,60,2,331,"20:25:00"),
( 346,11,1,208,"20:25:00"),
( 347,52,3,364,"20:30:00"),
( 348,16,1,326,"20:30:00"),
( 349,110,1,294,"20:30:00"),
( 350,5,1,85,"20:35:00"),
( 351,7,1,313,"20:35:00"),
( 352,93,1,132,"20:40:00"),
( 353,50,3,67,"20:45:00"),
( 354,68,1,209,"20:45:00"),
( 355,3,1,154,"20:45:00"),
( 356,50,3,241,"20:45:00"),
( 357,102,1,55,"20:45:00"),
( 358,116,1,200,"20:45:00"),
( 359,70,1,62,"20:45:00"),
( 360,10,1,338,"20:45:00"),
( 361,35,2,1,"20:45:00"),
( 362,60,1,275,"20:45:00"),
( 363,115,1,166,"20:45:00"),
( 364,7,1,357,"20:45:00"),
( 365,40,1,129,"20:45:00"),
( 366,98,1,233,"20:45:00"),
( 367,40,2,272,"20:50:00"),
( 368,28,1,182,"20:55:00"),
( 369,2,1,353,"20:55:00"),
( 370,111,2,196,"20:55:00"),
( 371,2,1,220,"20:55:00"),
( 372,82,1,205,"20:55:00"),
( 373,11,3,303,"20:55:00"),
( 374,11,1,4,"20:55:00"),
( 375,53,1,101,"21:00:00"),
( 376,19,1,349,"21:00:00"),
( 377,97,1,374,"21:00:00"),
( 378,9,1,342,"21:05:00"),
( 379,2,1,227,"21:10:00"),
( 380,59,1,45,"21:10:00"),
( 381,6,1,249,"21:10:00"),
( 382,57,1,327,"21:10:00"),
( 383,87,3,262,"21:15:00"),
( 384,38,3,356,"21:15:00"),
( 385,36,2,7,"21:15:00"),
( 386,104,3,63,"21:15:00"),
( 387,23,1,226,"21:15:00"),
( 388,39,2,261,"21:15:00"),
( 389,24,1,36,"21:15:00"),
( 390,68,1,110,"21:15:00"),
( 391,36,2,242,"21:15:00"),
( 392,96,1,203,"21:15:00"),
( 393,94,2,329,"21:15:00"),
( 394,8,1,224,"21:15:00"),
( 395,66,1,11,"21:15:00"),
( 396,3,1,11,"21:15:00"),
( 397,112,1,143,"21:20:00"),
( 398,1,2,4,"21:20:00"),
( 399,64,1,320,"21:20:00"),
( 400,97,3,211,"21:20:00"),
( 401,80,1,74,"21:25:00"),
( 402,66,1,281,"21:25:00"),
( 403,37,1,178,"21:30:00"),
( 404,79,1,10,"21:40:00"),
( 405,41,2,10,"21:40:00"),
( 406,66,1,13,"21:45:00"),
( 407,37,2,354,"21:50:00"),
( 408,73,1,370,"21:50:00"),
( 409,93,1,35,"21:50:00"),
( 410,24,1,295,"21:55:00"),
( 411,22,1,304,"21:55:00"),
( 412,16,1,250,"21:55:00"),
( 413,35,1,163,"21:55:00"),
( 414,4,3,299,"21:55:00");
ALTER TABLE `rendelesek` ADD CONSTRAINT `rendelesek_41`   FOREIGN KEY (`pizzaid`)     REFERENCES `pizzak` (`id`);ALTER TABLE `rendelesek` ADD CONSTRAINT `rendelesek_51`   FOREIGN KEY (`cimid`)     REFERENCES `cimek` (`id`);
